{
    "parent": "builtin/generated",
    "textures": {
        "layer0": "./skyblock_logo"
    },
    "display": {
        "thirdperson": {
            "rotation": [
                -90,
                0,
                0
            ],
            "translation": [
                0,
                1,
                -3
            ],
            "scale": [
                0.55,
                0.55,
                0.55
            ]
        },
        "firstperson": {
            "rotation": [
                0,
                -135,
                25
            ],
            "translation": [
                0,
                4,
                2
            ],
            "scale": [
                1.7,
                1.7,
                1.7
            ]
        },
        "gui": {
            "rotation": [
                0,
                0,
                0
            ],
            "translation": [
                0,
                0,
                0
            ],
            "scale": [
                0.7,
                0.7,
                0.7
            ]
        }
    }
}